Diesel (%),Biodiesel (%),Ethanol (%),RPM,Torque (Nm),BTE (%),BSFC (kg/kWh),CO (g/kWh),CO2 (g/kWh),NOx (ppm),HC (ppm),Optimized_Output
54.9816047538945,29.26094938462863,15.757445861476867,1872,224.54042850493627,35.97768297654758,0.2831545020584109,0.2677437620338495,104.73792172384631,127.86226777043271,96.9239945037898,0
78.02857225639664,12.524198949851465,9.44722879375189,2821,184.0240915860301,21.554706104672807,0.2106128815495279,2.910397627408353,240.43183693655348,121.87728164445964,48.924809049711875,0
69.2797576724562,14.848861422838413,15.87138090470539,2296,127.38190407158194,30.098128345817617,0.27257417403591894,2.6629790663939343,107.79569254772086,53.84630987096536,38.06345197767336,0
63.946339367881464,36.956625655812374,-0.902965023693838,2904,253.44875492673717,24.032440308169228,0.4332166243878769,2.7904816212661174,181.19445029516055,101.18717414392344,55.55276765562197,0
46.24074561769746,28.1928717897877,25.56638259251484,1061,221.1827931384698,21.90124911418303,0.36856982023699913,2.9852326856746623,206.35907791763748,107.02934281787856,49.55605197696191,0
46.23978081344811,10.27591154849889,43.484307638053004,1595,90.65423483622283,49.69880697169836,0.5570686844307899,0.6042962227365131,230.64536856191285,109.82341713453508,19.509821583556953,1
42.323344486727976,13.044146285980963,44.63250922729106,2903,277.73179612346064,29.67061534924169,0.5269774246953763,1.2491018548177104,207.11303981986418,137.02585538409983,67.67436832211857,0
74.6470458309974,29.905053073241675,-4.552098904239074,1728,255.63431073079224,44.29623337563905,0.3367269406791504,2.298891579541865,220.25921246046877,130.04038200903176,29.443436425863965,0
64.04460046972835,10.15184751538656,25.803552014885085,2365,287.449978322981,27.639219642912916,0.30376937337251697,2.1184597923559974,150.9175288814209,141.1857639190167,65.76291594080466,0
68.32290311184181,14.824241542524959,16.85285534563323,1396,231.42987709708999,40.44508166671788,0.35187696326690676,0.5462981283855797,222.22376706197684,164.73248923131922,68.51809831583381,0
40.823379771832094,26.462013680997583,32.71460654717032,1698,203.35379898394746,42.80683579669059,0.4361179770059231,2.4659160624727914,112.01722695770127,171.94786080741403,23.68223678157833,0
78.79639408647978,30.756855930780798,-9.55325001726058,2042,154.56075907265472,37.86916221823533,0.3072254563291505,0.7508776583263159,234.22249840907915,157.71846143397414,15.521466439960134,0
73.29770563201687,29.558837785078016,-2.8565434170948834,1176,283.18212083850335,34.14728565650475,0.4496595631396536,0.7490710829856069,182.13885642306042,193.3285543932402,80.26854274615958,0
48.49356442713105,16.728079283816793,34.778356289052155,2635,266.5159723751021,32.355227424418054,0.36376466087649617,1.6572258263908994,222.59466549437406,52.734887401454245,51.382038139238816,0
47.27299868828403,31.365376640426074,21.361624671289903,1395,61.30466752654735,30.46604799628986,0.42081887234079207,1.8195258110409391,167.84774267774503,79.36669785253191,15.234741595492821,0
47.33618039413735,17.117472624904003,35.546346980958646,1444,56.591743624313004,47.88587432743478,0.37445061165412663,1.7822500027296524,196.53665427947874,51.13443124672132,99.53796854527904,0
52.169689718381505,19.76199094477803,28.06831933684046,2256,144.1158417195124,44.918582233631874,0.3177863038167671,0.3653118284534891,178.960399140417,147.12120712319046,15.200250489672998,0
60.990257265289515,32.394742153540726,6.615000581169767,2938,252.63833269545822,48.95080731999538,0.5793813227848627,2.6446365016281033,209.7384282632998,184.70458234249804,72.55317059726978,0
57.27780074568463,29.48898697141644,13.233212282898933,1075,296.8190323287361,23.72891670456634,0.5054423176639042,0.8702401235072476,112.24449730458844,86.5223444864449,98.53110327370723,0
51.649165607921674,35.47670231482534,12.874132077252995,1264,87.60422277588205,41.92602425610933,0.25604527030658103,0.4755932717201321,109.05281259858457,189.055181719446,31.526209379433304,0
64.47411578889518,29.7283867690103,5.7974974420945244,1454,198.53267883803377,48.150213704631135,0.5473871903591652,2.677369431620034,137.06548510152197,59.04010854343413,22.802443181847657,0
45.57975442608167,27.049258100064147,27.370987473854186,2819,145.22271415775538,25.436991984969804,0.39497247929980545,2.8713893448662846,123.93170201697825,190.16540402082714,20.9246445480186,0
51.685785941408724,12.810243034842774,35.503971023748505,1717,292.47859945365076,21.994888021003327,0.5578208907576365,2.6001700900698066,230.76753498883025,102.74340308594516,37.294763281083604,0
54.65447373174767,21.031474091783004,24.314052176469318,1734,260.52973078392716,42.23361947870177,0.5199421023789261,2.4475966167021466,132.88209810370665,65.21312426738248,19.0941229909582,0
58.24279936868144,17.956071030451763,23.8011296008668,2407,259.5821761777845,37.234193395397355,0.37008540178769334,2.0002017438531627,246.37978837286968,122.88076387794885,72.29452075247187,0
71.40703845572054,17.319689301372506,11.273272242906955,2587,167.17328994874256,45.25486330274816,0.20898772332804696,1.697486374766504,150.53436876566602,88.5164851580762,15.606261831705641,0
47.98695128633439,39.190316642573364,12.822732071092247,1850,153.7048755844163,24.193171298788684,0.30747094375397843,0.35226160374308935,127.31768735330489,92.73093529428843,55.84799153348107,0
60.569377536544465,21.792931740002814,17.63769072345272,2529,118.35176798267656,43.858019355796706,0.41665368586434676,1.2845143179050262,218.45477607137187,96.09349473894298,99.70271684676791,0
63.696582754481696,36.7613966553134,-0.45797940979508667,2390,64.09387416273178,26.048819601432335,0.4533912879304589,1.1807966993357106,198.80616632513141,170.4538846748995,83.25732425554169,0
41.858016508799906,28.934158779917887,29.2078247112822,1143,266.1805940637633,24.909678285971136,0.3031550741732809,0.8532859729049459,174.72935746797083,130.87419150128818,65.36974944079098,0
64.30179407605753,33.84433910624945,1.8538668176930173,1884,253.2252522825194,24.92797393792979,0.25574242962912963,2.1979183296968965,183.30453264064468,96.69615487340054,37.56282587079505,0
46.82096494749166,25.079112793155765,28.09992225935258,2092,299.92941832153264,44.43724160694146,0.5339720947197196,1.5380396317284355,207.88026674083957,141.55006749663775,66.15062526624746,0
42.60206371941118,27.307116538790773,30.090819741798043,2122,299.15920926847633,39.955916620886,0.5937608722814208,0.33503402613217903,134.2682111996948,157.42260113347902,57.433731752048644,0
77.95542149013333,24.77553081456592,-2.730952304699258,1395,188.85792640065685,35.69196274307358,0.4102760729210743,0.7385312856544528,249.45008740851128,90.89360011003006,48.347504550133436,0
78.62528132298237,15.857289633941335,5.517429043076291,2048,242.24685379512763,30.764914523705073,0.2686717143393214,2.0814504146128283,246.21897432201746,112.03236522880272,21.76393390661795,0
72.33589392465845,31.67356345784516,-4.009457382503612,1947,286.19143247060697,46.31601622439325,0.30892293060774756,0.32077949252187055,197.54885295204053,68.28291400054214,89.79437937164201,0
52.18455076693483,18.423170873225672,29.39227835983951,1890,262.4118476693528,31.773353222679063,0.2073562706189867,2.568500050741429,129.93136763937179,77.17240243020206,50.48061839391902,0
43.90688456025536,10.729478992943616,45.363636446801024,2492,111.8370254357994,44.497983184147316,0.5657195226241996,1.5359249283405256,202.0342363646937,152.16767809474743,27.516026063868857,0
67.36932106048627,29.364168877215036,3.2665100622986927,2507,162.63603382752336,33.17404725710655,0.24710043315605645,1.4937010742472792,110.82976134687638,77.21575215434405,43.09834157895607,0
57.606099749584054,15.313320382211469,27.08057986820448,2588,82.28985378787374,31.308332882747226,0.4306065902057014,1.8179825755126011,104.5978753308709,128.774507550059,47.27167772760343,0
44.881529393791155,38.21375753058743,16.904713075621416,2174,288.5127568146806,33.880393570088195,0.3096220882748824,2.4915748011829324,138.65243327668205,156.3569392583649,84.47841060101868,0
59.80707640445081,38.617857310077625,1.5750662854715642,2167,201.54365861272,29.04133622492426,0.4216712010063174,1.1086467029163598,169.39344351089744,66.03153846421158,76.02529425052619,0
41.375540844608736,37.44593170661346,21.1785274487778,1568,107.16070137586567,42.428281405287535,0.4605681553407457,2.0662468424212843,230.24087581125707,135.09683294433552,79.23744042772059,0
76.37281608315129,21.10476100766333,2.52242290918538,2062,217.92517110146417,35.081611702774374,0.5318967214828807,1.7406226955877941,209.0753604649462,88.48441755520457,10.992813798578249,0
50.35119926400068,10.463698495866023,39.185102240133304,1108,204.53206011447395,26.96638085440452,0.2825685087042413,0.8743819834913218,211.40597817999716,194.43903128563696,47.45385983617854,0
66.50089137415928,37.84955687763176,-4.35044825179105,2716,139.54067950821013,46.987237198237054,0.2043983314633922,2.648026960429958,163.8240001672113,122.5318470079887,53.32097364717912,0
52.46844304357644,22.84552444951943,24.686032506904127,2065,78.38939804990726,31.516736641196342,0.2547542520275229,2.4125354626600917,151.89024888204443,170.89888246627373,11.727304914075102,0
60.80272084711243,38.999644571310085,0.19763458157748914,2209,217.8932988981999,36.30658583341966,0.560007456739242,2.009510320509434,155.6558144476904,132.53398132343926,33.38318878705308,0
61.86841117373119,38.90859931267758,-0.7770104864087699,1934,180.07692522594832,47.19416332893641,0.549556031025006,2.5666870143733016,248.14743456040867,56.511879928222875,78.42608408099215,0
47.39417822102108,35.5902836640208,17.01553811495812,1397,243.07959793390984,38.72713987741976,0.4389652408681233,2.615153182783427,106.01637871187238,144.97270633910335,22.339873515609916,0
78.78338511058234,18.83346676208757,2.383148127330088,2246,180.04087527799834,23.506941221250923,0.44020674417346134,2.154252632473601,230.05472441836727,192.71050133099854,58.17791183073325,0
71.00531293444459,21.552931858057757,7.44175520749765,1633,263.04537507963505,48.19496370840425,0.4660146698185022,2.527338652254649,186.80131128585901,140.24177302194968,29.368168481551375,0
77.57995766256757,35.534100145505704,-13.11405780807327,2156,187.9767096936214,38.83124159214253,0.27014851144937985,2.1226672388409225,165.79231287843857,172.87832891401854,11.090869717950394,0
75.79309401710594,19.50766015468833,4.699245828205733,2186,190.23449288384657,30.047168439712586,0.565764778369984,2.072408238104871,208.78864906227048,182.63096950226117,31.708131183958734,0
63.915999152443405,15.084782400582775,20.999218446973828,2238,269.1634006645862,24.17816217990162,0.3675082099568292,1.8939729968240344,173.00034121370544,84.21196579233987,97.82863794190484,0
76.87496940092467,26.704037873750504,-3.5790072746751775,1732,150.87071655309927,43.82075567810888,0.353255411299799,2.2828782547171595,231.0134857122491,81.806725986234,82.13834006946907,0
43.53970008207678,38.08464322482343,18.375656693099785,1234,83.50380711266018,38.60218267785541,0.40756708211313497,0.5599548053499137,235.10527960168878,141.64714832764878,96.361897988893,0
47.83931449676581,30.88089390024919,21.279791602985,2866,57.195669078334745,36.00383275928965,0.21878638671002204,2.6545252016768925,163.25813903101832,111.6542704710057,53.90686395337262,0
41.80909155642152,27.101835102680948,31.089073340897528,1657,238.78431391840476,46.816777491528725,0.2665133475024318,2.628346230461173,141.52416958525774,175.97919543000805,19.876257880975317,0
53.013213230530575,12.915294813123056,34.071491956346364,1750,205.07738783836618,43.65791633673592,0.49521344657054817,0.18481712080022153,188.85254928900434,185.00346850970166,59.31635400763236,0
55.54709158757928,28.45021680097509,16.002691611445627,1587,226.01994202480589,24.550246391982533,0.2331194671700506,2.4948685766378116,236.85450184250365,103.01320689540772,50.89396011039648,0
50.853961270955836,39.7016155031279,9.444423225916267,2032,103.24104037722768,29.351662033866447,0.4412608437865553,0.4737226156729911,131.59932835085,85.5305838461723,85.99213744656544,0
73.14950036607718,14.202520457095721,12.647979176827107,2097,84.09286889669244,27.45467419443397,0.2981396438725284,1.0718446773515116,193.4449875345224,167.07882728657927,18.827432270582015,0
54.27013306774357,25.5498895709121,20.179977361344328,1953,53.63616641697048,42.31838877718031,0.3557182456167906,2.2561739432456624,194.73403301387808,91.22090533222041,53.94170233196004,0
51.23738038749523,36.32119215783867,12.441427454666098,1491,137.64688970164923,21.005973042073382,0.31547749470827996,0.5662036985400938,209.96695336229214,173.39214777705178,23.50437982245858,0
61.707843326329936,32.22305853262613,6.0690981410439235,1912,197.47942171365827,37.0966905461395,0.34226908658597965,2.4721043699452805,119.73515276908897,113.56073804731443,39.22083342010539,0
45.636968998990504,30.91047222985804,23.45255877115146,2276,148.0610112749331,42.87376057222072,0.4876183620736982,2.5131891160774518,207.37374470231327,150.13248489372057,76.36213696490196,0
72.08787923016159,31.07452251961328,-3.1624017497748724,2253,159.36873050593226,46.30296910285249,0.31884868624927,1.5716564279064251,236.35487809984616,64.33029707520022,52.84163164318899,0
42.98202574719083,20.784734536592655,36.23323971621652,2542,276.0396736234371,30.262452461477224,0.42656185611875885,0.11851902797881739,126.9524663305363,143.57889870148597,43.82994566311924,0
79.47547746402068,18.8077553279348,1.7167672080445158,2197,137.06386675582507,44.637719140160385,0.3904201608796398,0.932410586207247,135.63149873858166,117.76515181058437,45.50286507130318,1
70.8897907718663,34.28083466435541,-5.170625436221712,2676,178.4973722899527,23.318952108656216,0.46546846614505927,1.8890880632896525,245.70926410624594,137.99126947632112,51.350209156538796,0
47.948627261366894,34.30340184037542,17.747970898257677,2191,245.91325318528578,45.39356875203555,0.5747318957299032,2.945439916279528,127.14654290642346,75.20213116172951,80.65148894533512,0
40.220884684944096,36.01216955740311,23.766945757652792,1169,149.13569558031753,23.824659869959472,0.4930288388841001,1.9322592283483384,228.15776400543686,160.5310617416273,90.2876220046211,0
72.61845713819336,37.397216576694134,-10.015673714887498,2416,205.52167505696838,31.918618716811018,0.28597615143630273,0.8534303850860634,173.8416784672052,179.41956163148427,95.98012178535355,0
68.27429375390469,25.340271965828133,6.385434280267177,1945,265.59092718668626,43.91886097338661,0.2124732540245139,1.938616538988873,137.08466116047657,82.51097001361634,80.82130476297655,0
69.1602867216395,25.045488840615988,5.794224437744518,1794,287.3801559144105,24.497522820463214,0.30490561771993,1.665957601175981,230.6124851908767,64.35718332802426,38.38662061732114,0
70.85081386743784,33.948855369003255,-4.7996692364410904,1633,86.76837023225949,26.877541856979246,0.4380311722801019,2.3615516459383166,166.79578825039982,53.54578790695046,71.93212354778879,0
42.96178606936361,29.498917923332954,27.539296007303435,2217,281.64690629037364,41.66757705179199,0.22057032539370014,0.4102438525981794,177.22260308945351,146.29572506648992,49.384281164985275,0
54.33862914177091,31.0590063177311,14.602364540497987,2540,173.02907326988455,41.601096096382236,0.39854649888049454,2.3069809172558813,153.88500540996486,141.06410541331712,32.92035598414461,0
44.63476238100519,33.873780083083034,21.491457535911778,1028,114.56109707473959,39.23442898655892,0.43873713956675564,1.6696730781607199,188.9426277152391,132.0046119071105,85.67844214833303,0
74.52413703502374,36.70016025452699,-11.224297289550734,2188,164.78393905956534,40.818453334013,0.33369755632678433,2.8926768111910843,124.5285808877534,84.79206441739632,13.458371406609249,0
64.93192507310232,20.139854705546075,14.928220221351609,2445,295.00814382136923,36.28173330042789,0.5083648814983288,1.0914292815121898,158.6622304977641,108.6358993858272,91.15857929218812,0
53.23592099410597,21.26748857919832,25.496590426695718,1338,173.1545234982174,27.553971767208584,0.24263930125350874,1.9346034900884497,245.41184835029313,139.17145027792594,51.53297181622607,0
42.54233401144094,12.819458195226069,44.63820779333299,2671,132.18790257187703,30.370879805117582,0.23005511269432352,2.802881505979051,138.72001490516914,124.5150288288754,67.34813291274523,0
52.43929286862649,27.34840422988522,20.2123029014883,2519,208.35021357918146,25.44793150404277,0.4912755024814413,0.3972782111729698,198.51049968119383,198.1678280322331,69.34185299852044,0
53.007332881069885,11.078268213902263,35.91439890502785,2388,110.03640469454827,47.25351684000885,0.3981965264824794,2.8179626129857085,148.77850963370423,70.46596288350997,90.56059666358827,0
69.18424713352256,23.967940543973803,6.847812322503643,2856,68.96583202716599,37.50175384298362,0.4753609585710944,2.0948685946723584,216.0209688529901,154.27168310713907,67.30027139504867,0
65.50229885420853,26.2793390412273,8.218362104564164,2365,82.2199304776623,32.0255425029092,0.37393093544149847,0.29672747140499856,119.63104910775247,110.64781521564382,65.25402262840555,0
75.48850970305307,18.596237563848533,5.915252733098399,1499,82.01145973944311,33.86017410932398,0.2985608132956427,0.972794344145767,245.4731567617817,114.22994223884221,15.998683650462096,0
58.88859700647797,27.724997817070324,13.386405176451703,2680,87.9756733780736,48.41850018835446,0.5276409270696798,2.1536990570713166,168.06843120754587,157.63966484872645,56.656721975068365,0
44.78376983753207,10.915007498171484,44.301222664296446,1510,84.70679316235254,24.600542093482407,0.5197663515875917,0.29531674425943794,135.4075695019696,153.86542269865544,23.51521007353375,0
68.5297914889198,11.120445662476433,20.349762848603774,2350,210.21868620080366,37.58689496050391,0.4778785883417707,1.7882943345111926,111.02451209950189,198.68839905532823,76.3690391849337,0
70.4314019446759,34.67801681978975,-5.109418764465644,1216,95.47002109978621,35.17666036653398,0.3088580548919851,1.1030608651635745,125.46368576313111,69.25914341811878,56.0999728731407,0
62.45108790277985,20.805719242337886,16.743192854882267,2324,136.4168208309658,38.343627063039435,0.4360922667476348,1.9006550015256836,177.96609228340265,65.61644740762495,71.2205001287518,0
70.83868719818244,13.811815379556544,15.34949742226101,2155,274.19710247650295,20.543305514625214,0.34438955877601074,0.23265189805628728,150.55047646469293,158.65082256931117,13.750561054214584,0
59.75182385457563,25.667297801644132,14.580878343780228,2827,168.4904100657181,46.16371726832455,0.23663282933065366,2.627456737841891,224.33250488239142,136.75803755096138,17.63128144412229,0
60.90931317527976,33.09980659295832,5.990880231761906,2093,216.8894346302568,47.96354847450837,0.5669254301848972,2.923118010614451,164.6331285492709,91.12409998397088,74.4691049256414,0
57.101640734341984,16.474630824905297,26.42372844075271,2275,93.07996780040746,36.95399550767627,0.25472745236758454,2.9097457803285054,137.3071408881445,61.91290534834799,16.487590239880603,0
41.01676506976381,28.686714274570008,30.296520655666185,2438,98.0722547021677,40.89952471630677,0.580094941528321,2.2739903120544818,192.5717479906045,62.84873743946458,16.413105498873275,0
44.315657079732176,12.560423949813039,43.12391897045478,2810,60.21715406661971,47.67498143531887,0.3784023091831823,0.47725009637883276,206.01658253281687,184.12863119961773,11.08976277113987,0
41.25716742746937,11.55045163505823,47.1923809374724,1444,92.23376576804114,41.217159029401955,0.27405317153544784,2.2989632681941656,125.05628618514248,78.78009870781143,96.0851258469532,0
65.45641645055122,25.94063894704444,8.602944602404335,1875,119.64758475798966,24.57617128742784,0.4167603789513432,0.17130205773052437,125.14288244324766,98.50573431732812,76.37575235131062,0
52.57423924305307,26.219053648303195,21.20670710864374,2205,94.2526210691867,37.288650805004394,0.5491783343505633,0.16415829943409205,105.50071404003144,83.9984603340482,41.79262676518577,0
60.34282764658811,29.122897044946196,10.534275308465695,1166,72.1756334392639,38.201451391485676,0.49288995456382445,1.0384696355336696,210.46030225984606,103.2494458747906,36.68820231588897,0
76.30265895704372,31.782740011679845,-8.085398968723567,1090,80.1589677751502,32.72392013907158,0.5226244591445799,1.5170652521735308,199.57067914327075,60.41357641191401,41.47329067712646,0
49.971689165955,39.275562383876036,10.752748450168966,1713,165.19469200818145,42.09332706874169,0.46351334668428695,2.3341815116426003,171.19463136247208,127.85896863624056,79.71881780630636,0
56.41531692142519,25.48901044903586,18.095672629538953,2881,101.58342960144813,48.03101044307044,0.476910625807141,2.081556592158865,226.62556734537958,60.14188453883224,69.5233549963373,0
70.22204554172194,19.688694188237378,10.089260270040683,2554,141.06746526201886,47.767055387203285,0.5396782606261277,1.3931178484925701,220.85052294250798,170.05347617335423,26.667601108072112,0
49.1519266196649,33.85558584306111,16.992487537274002,1038,175.85431771371424,33.52518114212396,0.29986720354367435,0.8935173322168309,187.8031546595128,85.05681228656496,25.66984018006759,0
43.07919639315172,18.124967537862226,38.795836068986056,2149,222.59870715734132,23.39714137522266,0.39576998545725617,2.9916610504573624,230.2406920769888,131.0017871906766,18.85560847420576,0
51.59005811655072,23.169142621169083,25.24079926228019,2474,59.828034960274735,49.54523596887004,0.28848377672784087,1.3359257764843215,130.87618150551523,182.01186313421874,69.42724477312044,0
46.44885149016018,12.35369144026798,41.19745706957184,1172,249.85259972726067,45.166942593378025,0.5950672031986588,1.409022370556059,116.78794290965918,147.63160535707914,78.79353959995623,0
77.18790609370292,10.760522302463725,12.051571603833352,1652,206.97509737272694,23.739880436098005,0.5776237358746452,0.5745090814558407,140.46244172754845,129.94366798270028,33.85417854925036,0
72.32481518257669,38.87945244033775,-11.204267622914443,1753,70.43975798721797,47.625256478521166,0.21577072454740237,2.404947691374795,108.56302841339723,98.65006296730634,11.885046492782154,0
65.33615026041694,35.079403615366175,-0.4155538757831181,2243,268.3946560266943,46.09689086186385,0.48223006900627535,2.111678454766317,179.67542920015478,99.95028695872969,17.39545007287846,0
74.85842360750871,30.87922618281094,-5.737649790319651,2661,280.2181001329533,35.56514171378216,0.5700993269662663,0.7402318770874051,240.4908538442442,150.42304327972852,97.10740313605274,0
72.14688307596458,22.268588332428095,5.584528591607324,2081,65.26948996371594,37.73826307234788,0.27223013805093343,0.3389050322859438,105.90153110027644,199.12090418317513,36.59002997296783,0
47.46280235544143,15.198829602125373,37.338368042433196,2683,119.21941203680093,31.970081116103906,0.42717809222105174,2.0734479760166677,118.31648710150402,149.2758784774068,79.23008330543203,0
75.70235993959912,14.69311128013258,9.604528780268296,1475,251.55031994826533,21.64284916466094,0.5661953190352167,1.9980825214152922,167.8298542425153,133.66751260550373,66.21972119688374,0
61.57368967662603,17.50728694493786,20.91902337843611,1455,237.0649225959146,30.05591724937703,0.21357839143431956,0.892452628294807,240.08125262918574,159.5975765358869,44.37456756876063,0
72.2976062065625,26.476799941183614,1.2255938522538798,1828,96.13025483909433,44.085603457940344,0.478968106898736,2.85750433052619,147.42341574651257,119.78084184255772,28.51185359759996,0
75.84365199693973,31.43787768100187,-7.281529677941592,1894,102.33733083417758,20.138960690138084,0.3189396029490203,0.5380678861646107,176.08522130325886,59.021351390117786,20.92477763434658,0
52.72013899887455,29.80592130153194,17.4739396995935,2384,142.6180256978455,30.004975150734325,0.5697584781506122,1.3537709230235455,106.23592885755882,134.3445223816865,65.35116712349799,0
44.40207698110707,18.398016908378285,37.19990611051465,2958,171.13074629775534,31.9450608077283,0.588423298066147,2.836486168486037,122.25148014431333,193.64379267580702,79.71704025740092,0
49.117406501677664,38.64595841989582,12.236635078426517,2024,204.563692882574,36.12186808813769,0.5777065956453735,1.3172092190857547,247.99451844382705,76.29544135364895,67.95138281870176,0
57.084311545050255,32.13690750087305,10.778780954076694,1386,142.2284098924431,47.59566849238281,0.38968568666298553,1.951725248225848,244.76780446540684,153.50073362309985,57.727191992424245,0
72.72059063689971,26.63062157534202,0.6487877877582662,2996,165.63367903328697,30.390379830978837,0.5448170603957254,1.2530237540921034,100.74099714016144,80.14005329885848,13.775610108847264,0
74.42922333025373,28.351622387030567,-2.7808457172843077,1347,236.86773453343915,30.40859605688683,0.5378197594140282,0.8952240868111431,242.77176781348584,130.3741526709622,97.16398998349455,0
40.27808522124763,22.588001872833697,37.13391290591868,1189,59.170800722649474,42.125037443292456,0.32764018929730226,2.953535179083502,195.86799067232505,64.50146744700794,81.88427724891172,0
60.42989210310263,17.431929685034724,22.138178211862652,1504,113.10923608600518,33.56653822669421,0.5315661896602709,1.2870686183136248,230.18774417800333,117.55564043872778,36.35398330308683,0
56.696440125951156,20.679180359537845,22.62437951451099,2214,228.3373964711381,26.73814468819946,0.21480305388619705,2.69288769066949,168.21097834507887,163.4244993342869,98.19732964229655,0
48.88431241882921,32.735383313931074,18.380304267239723,2531,273.80170942179984,33.5731854839808,0.43850795139282117,0.7668683570841499,177.33940428688754,102.13572863584731,64.16934306726898,0
44.79461469334731,10.431804658892677,44.773580647760014,2392,177.9193605289165,24.225710611393996,0.29200353491508124,0.7180036416727416,173.32698703853802,149.7367586730827,62.418039238652185,0
53.50460685614512,13.482179215207488,33.01321392864739,2432,183.0283713163289,25.2916095951867,0.24822675431091154,0.19028884036508295,200.02963863191565,169.31749411845936,77.3265861486579,0
77.71638815650077,11.380079260652582,10.903532582846651,1823,76.79300283494402,34.95103318218439,0.23078128065168368,1.9898337935900667,120.94768821344694,189.0766729219179,83.05928092811239,0
52.92811728083021,11.221864069569104,35.850018649600685,1928,161.85309170586368,32.56776348513644,0.4785155103512559,1.1687263967989074,104.49603848090169,85.19631227831803,69.08307465983523,0
60.75162486973464,35.66381752033021,3.584557609935146,1933,183.15431661375578,47.445377032043,0.33594998550722643,2.6066389245349475,146.18949123867864,109.89738737139622,21.528617172958,0
68.12075835580711,31.109735781400712,0.7695058627921725,2140,110.61762590868241,30.871816973498994,0.4899067086115046,1.4723087294055157,205.70211441049702,72.86240199956262,40.44407553950485,0
54.54518409517176,24.225214872619755,21.22960103220848,1133,117.31080773734524,37.4176505083413,0.22614253631957695,2.907760940952693,130.27801781844227,198.8725253237563,93.52752762934448,0
78.87128330883843,12.935024819530044,8.193691871631529,1057,144.32104077615566,38.96792863758591,0.32611613513224413,0.6380239955390513,201.0148649987376,189.0501451886443,30.215405065946673,0
78.49789179768445,24.74847625350497,-3.246368051189421,2579,55.01779944443159,20.39283369765001,0.41579651695013486,2.6190071870712712,245.48680691609056,130.99356954208395,43.4950321453762,0
50.07129183301457,24.204153123416972,25.724555043568458,1684,130.51979139579458,39.906121160501314,0.5162892659355853,2.352130873096051,114.08510736841276,176.30499415646318,48.88691946497764,0
59.88994023569542,15.196056097300456,24.914003667004124,1671,102.86200174913617,25.341079006092542,0.327501001172828,2.3356733494677506,200.89031773376894,128.14369659080631,49.5464490725007,0
52.03513239267079,23.01554947713919,24.949318130190022,1172,131.87433804447866,48.832109524083656,0.4503565505748036,2.5498713615389743,166.56253289568568,143.53785320041396,65.1645624245073,0
51.393619775098706,21.955142031921206,26.651238192980088,2852,79.9405329548128,24.45988183259339,0.5543910992944748,2.3069695737346967,230.2213381566258,63.36866481740249,94.87682539702368,0
41.47547789418131,28.475502941566493,30.0490191642522,1814,272.6318201849738,32.43872371181071,0.4463452752729218,1.9160389327311047,126.57246841710788,163.29056307452117,31.662344064925446,0
64.38257335919587,29.052809526029314,6.564617114774819,2172,198.39811338851217,22.560490042359316,0.2931837899014535,0.480610145278924,203.89389283392467,69.15702254528523,20.935123867082623,0
60.10716092915446,11.359120293161336,28.5337187776842,1079,219.7755797861224,49.90622755537842,0.2097603126226152,0.19432592052463055,225.71729344721655,173.91014453787926,27.77234408739436,0
42.05915004999957,21.238378438794136,36.70247151120629,1885,247.29280965183457,35.065850309937275,0.5480395495603719,2.770458758665492,241.69213292110348,167.30421315055787,89.82324101883425,0
51.14585856946446,28.77579747142709,20.07834395910845,2236,174.6105497322643,37.86155051960131,0.20850776434015486,1.8882859121101403,202.48720424344685,156.31170466144647,68.12297313896855,0
76.33063543866615,25.094087757402633,-1.4247231960687827,1202,71.73007202185592,22.012294321652824,0.5498806690736797,2.4099581438309112,174.5762146012641,55.42405707871432,35.73161103152441,0
49.5824756266789,35.69469523564967,14.722829137671425,1763,184.27663545463693,42.498814111975335,0.41157485361088475,1.4964148193863953,192.67708603018207,95.4692533917993,83.43522450717555,0
45.795794883648924,29.76080894856835,24.443396167782723,2252,196.71027950521977,26.297167792867572,0.5756270794051584,0.440193747990944,230.33574767180772,89.46688548662644,87.52329967270924,0
59.57811041110252,14.88803281244289,25.533856776454584,2699,236.3598685460825,46.94162868322141,0.5195132943094661,0.4630387973873963,185.59146199582443,104.02046112072787,86.18629048212502,0
79.42601816442402,12.117062422012896,8.456919413563085,2250,157.91488655741983,26.154189214460217,0.599173644213335,2.0881393329640168,104.55805895452554,63.14641201457578,92.7033880275599,0
49.68221086046002,29.27257834618947,21.04521079335052,2682,81.89507569889093,25.720631619909998,0.34028472618068406,1.3478870952084419,239.64230432604666,190.54367345465943,32.701691815602544,0
66.88542189623514,10.795339316248654,22.3192387875162,2555,120.94397644968112,21.096490035442848,0.5068753155724508,0.6815217074309764,203.42901265473415,133.07033610685644,77.95377358716505,0
70.46478461314871,27.5732674382039,1.961947948647392,2464,140.77057409965877,34.16200835329998,0.36077236544369684,1.525624185550167,201.47700786658697,95.82864659870353,51.4485547546726,0
49.50550175969599,38.20690724274873,12.287590997555284,2425,211.4793103329003,36.94523399787849,0.39195024812156354,0.2862059175178888,132.35127285965757,109.5472275611425,85.77986976010554,0
69.12865394447438,27.26422533627637,3.6071207192492523,1046,192.69457616722798,21.97125918285057,0.45100218528734803,1.7877170655517565,198.8328205348986,117.08038107572534,75.5641609445452,0
54.71132530877013,21.645097786195656,23.643576905034223,2256,139.02418147446156,43.26582850085032,0.5494708456745354,0.8800808728617832,159.07966084812378,140.08915000409257,79.88027018497522,0
65.29223322374318,29.298646553270594,5.409120222986218,2328,296.62881219824493,33.59866504244083,0.593633387679718,2.4129213918478456,197.6849465562238,127.35191415447467,69.05456539129644,0
65.34118843043579,23.7475867147455,10.911224854818713,2549,201.4437048392218,35.7317080798274,0.5073093655458072,1.0000496808783639,115.98895454619861,187.90879598216262,25.968589252273617,0
61.43098736299034,26.36850367947805,12.20050895753161,2166,109.30669793399862,33.222882408146845,0.3671067128669335,1.4201384323372235,198.6767956904554,124.54452243587454,59.05242270072445,0
43.61159080217633,38.24394426329576,18.144464934527917,2438,75.44561815510093,32.02289182625978,0.36854280091082803,0.13369956573349184,249.9120588656,198.8237022234969,98.62027655720574,0
73.41209982356952,21.58307913402323,5.004821042407258,2536,88.21478479608301,36.78920993924653,0.4950329206355566,0.3100959746042208,107.2318058290834,177.71374366176437,94.36492598474071,0
52.83120259886943,38.83571691471742,8.333080486413138,2396,111.48943209612703,24.657207377921374,0.29551085830732093,1.238231313579386,246.5761276331976,81.27657715360037,13.885636221731051,0
47.46074041599417,37.160519258681916,15.378740325323918,2589,90.17034331488892,25.457843914858135,0.24418964525255787,1.4918226206796583,161.0361941084306,189.58928219658745,24.833333415649342,0
41.63100566219056,15.873734043678894,42.495260294130546,2909,96.64175601282645,45.85356863040552,0.3418488630563106,1.8400595895459808,230.61301755058886,67.45495968282141,21.85558961091057,0
63.63571772752967,12.080839026254964,24.28344324621537,2282,121.27379217346177,48.38346386400898,0.3148955966616327,0.9458214782569794,217.357822608741,172.61745627367873,75.3381918986766,0
67.1025744736913,13.0233400413228,19.874085484985898,1655,93.34339882368872,31.199279488392587,0.318523248182396,2.1154474697669734,185.0524391480002,107.093494021487,83.60067968712505,0
40.663513157114245,10.546654769546493,48.78983207333926,1470,274.1913561566063,28.122340194306613,0.29344310041996396,2.5943549518486932,210.76738138769898,181.69614806676043,29.216022967960473,0
60.48372233197124,12.83328882267785,26.682988845350906,2976,70.05843641541055,39.31998629717047,0.21683727585454476,2.3615678677907144,231.77733419520217,180.20850351611756,55.52674236566461,0
49.059831007917516,30.490203202490704,20.449965789591772,1970,181.12784739256367,32.262025132942895,0.20714957389336552,0.2148945935102357,160.62104824765495,170.88881001764315,85.663272521008,0
65.80691161637799,12.13565945380687,22.057428929815146,2035,152.5992067474154,20.761590669810346,0.5950889558944126,1.493470147047704,149.0549742344858,168.5045654460592,75.95213902896255,0
46.974657160199655,19.569268908812838,33.456073930987515,2353,295.59465422715164,24.68457792098571,0.3711092534943449,0.40429751741270714,200.13900783453772,95.70187086470611,58.80134849426634,0
67.63750952409865,35.34625932908364,-2.9837688531822835,1735,78.00972554201309,41.47916686542193,0.35373065886387267,0.8019305460013296,221.17689129118878,62.137892457687826,63.13129214128956,0
55.469413852021496,10.698158072074776,33.83242807590372,1783,149.4638997614354,39.76771825730454,0.47185891307722794,2.9613215204747245,214.34277021649237,110.44702681477422,55.752449222465195,0
77.46919954946938,34.43405447766807,-11.90325402713745,1967,292.3676083188422,20.812879775104506,0.2873015551460257,0.5132370744143884,219.67204732879517,76.0286772479763,36.77936061869385,0
45.500837765839734,18.455643243201997,36.04351899095827,1357,266.37678147349504,26.659164857988483,0.5799844735800901,1.5467756450089327,165.33749722193994,154.24266333536926,60.85197935731145,0
53.64265404201034,13.544944828649687,32.812401129339975,1971,254.26801773731998,26.93224389764214,0.5145380057662208,1.8926516295225455,222.67513242625324,101.91495898066783,71.99967718450816,0
44.538940849623565,30.902114960924518,24.55894418945192,2431,114.47570676123496,40.15678230796185,0.2357644009249038,2.1371484145779016,118.03135830559127,196.34153012898724,88.59906242747269,0
76.98774473114251,28.86828540339652,-5.856030134539026,1667,92.72189684751646,20.591316132630926,0.3670323103139713,1.7229811821120509,181.67336469412743,146.1458116017998,67.26622185813233,0
75.09357413523924,36.32416040581159,-11.417734541050834,1372,217.16080498110776,23.123257459537214,0.5516473230248659,0.1283354575156326,100.86379907471823,173.37208454515414,78.50093833388422,0
50.31766510860622,32.05213131411657,17.6302035772772,2031,282.34399728189646,43.99748256119568,0.577892808916564,1.0467377939075764,148.68787448504054,69.87870091127726,24.40644714591157,1
66.39936184136715,34.10442791154546,-0.5037897529126099,2145,189.19072325348245,25.35633986163001,0.38696060449994785,1.6013637658156632,154.96923023070968,179.30217234089338,51.54017269778109,0
72.68888800804864,18.461037177139197,8.85007481481216,2371,192.90317236747495,39.582383235556236,0.44536455568428307,0.35481284752001674,159.4259037413883,188.41357857700916,10.839845784438397,0
62.2080324639785,15.323186313391684,22.468781222629815,1675,119.99477341507104,27.145483431401797,0.26681357843683007,1.1168181005066242,204.32008100347934,123.05928782284039,32.20109780694607,0
61.18602313424026,32.51844254922575,6.295534316533988,1089,242.37323329798423,22.983241782780354,0.5964674504547907,0.19628901549496303,158.28371519055185,140.9379406626466,75.38155436017044,0
49.67409163601807,34.20504217801792,16.12086618596402,2671,96.76093713938084,27.295165729983623,0.29266868055337736,0.32787764174956013,167.3040433933796,164.72147013544932,99.26289562144271,0
43.72411071223597,39.7151542600202,16.56073502774383,1697,130.91980910106093,41.66800795566978,0.5770927096540502,1.2510775009846287,135.63161963114914,76.22579408906188,18.92602896284943,1
75.88863031813307,22.378530307342793,1.7328393745241328,2339,156.3591096541042,45.67089404318857,0.4598586595969474,0.484875686724875,155.98776874440102,125.38491146951637,46.13448842751594,0
76.01672228653322,21.160542573783495,2.8227351396832887,2201,176.90259467111377,44.90659593700975,0.44309471795154365,1.7458684599585186,134.09044408947273,109.79945416584697,82.00638718292436,0
65.32405829093072,33.29238882225991,1.383552886809369,1539,110.60243310377007,31.915505888553646,0.4050754044066034,2.0994484104980704,110.97938856526655,71.95609882433737,28.363207116600897,0
53.56119164194803,20.224106207590538,26.214702150461434,1731,78.70920618480088,40.042554097119385,0.2922679246871035,2.42170142741634,190.51728900720667,105.13016334372972,59.95764543720576,0
53.968382984506434,37.922719768106944,8.108897247386622,1868,202.65501061040814,26.14952886247463,0.2706112128022033,0.6804357083099493,200.23191978325244,60.22584640782404,75.97641664267073,0
69.03822715480958,35.75238255529035,-4.790609710099929,1040,122.15763831006394,28.794431907830397,0.28819448362807015,0.5856994885513023,192.92355190144218,53.87178604242305,65.43869052341611,0
75.88441039810309,22.86982082125055,1.2457687806463582,1739,195.30955535565306,46.89007455563359,0.2745753048577018,0.40324673696976077,169.52410657008585,70.27494337322341,26.922226115387453,1
75.48345697060469,32.52613203374492,-8.009589004349607,2727,88.59067881855057,20.390057705322082,0.5118337894267013,1.9456477236765464,156.96786702688448,194.46726673837608,41.984611181716545,0
71.19502183430495,32.63628622254047,-3.8313080568454154,2946,170.28502546370436,22.56525592563404,0.340050103666692,2.1487796068120133,229.50004743577378,132.42943038425256,80.54126060368574,0
